
<RENDERBATCH>

  <RENDERIMG RASNAME="C:\SuperSystem\SDK\SDK_Export\hw\imgs\proc_sys_reset_0.jpg" SVGNAME="C:\SuperSystem\SDK\SDK_Export\hw\imgs\proc_sys_reset_0.svg" TMPSVGFN="C:\SuperSystem\__xps\.dswkshop\proc_sys_reset_0.svg"/>

  <RENDERIMG RASNAME="C:\SuperSystem\SDK\SDK_Export\hw\imgs\microblaze_0_ilmb.jpg" SVGNAME="C:\SuperSystem\SDK\SDK_Export\hw\imgs\microblaze_0_ilmb.svg" TMPSVGFN="C:\SuperSystem\__xps\.dswkshop\microblaze_0_ilmb.svg"/>

  <RENDERIMG RASNAME="C:\SuperSystem\SDK\SDK_Export\hw\imgs\microblaze_0_i_bram_ctrl.jpg" SVGNAME="C:\SuperSystem\SDK\SDK_Export\hw\imgs\microblaze_0_i_bram_ctrl.svg" TMPSVGFN="C:\SuperSystem\__xps\.dswkshop\microblaze_0_i_bram_ctrl.svg"/>

  <RENDERIMG RASNAME="C:\SuperSystem\SDK\SDK_Export\hw\imgs\microblaze_0_dlmb.jpg" SVGNAME="C:\SuperSystem\SDK\SDK_Export\hw\imgs\microblaze_0_dlmb.svg" TMPSVGFN="C:\SuperSystem\__xps\.dswkshop\microblaze_0_dlmb.svg"/>

  <RENDERIMG RASNAME="C:\SuperSystem\SDK\SDK_Export\hw\imgs\microblaze_0_d_bram_ctrl.jpg" SVGNAME="C:\SuperSystem\SDK\SDK_Export\hw\imgs\microblaze_0_d_bram_ctrl.svg" TMPSVGFN="C:\SuperSystem\__xps\.dswkshop\microblaze_0_d_bram_ctrl.svg"/>

  <RENDERIMG RASNAME="C:\SuperSystem\SDK\SDK_Export\hw\imgs\microblaze_0_bram_block.jpg" SVGNAME="C:\SuperSystem\SDK\SDK_Export\hw\imgs\microblaze_0_bram_block.svg" TMPSVGFN="C:\SuperSystem\__xps\.dswkshop\microblaze_0_bram_block.svg"/>

  <RENDERIMG RASNAME="C:\SuperSystem\SDK\SDK_Export\hw\imgs\microblaze_0.jpg" SVGNAME="C:\SuperSystem\SDK\SDK_Export\hw\imgs\microblaze_0.svg" TMPSVGFN="C:\SuperSystem\__xps\.dswkshop\microblaze_0.svg"/>

  <RENDERIMG RASNAME="C:\SuperSystem\SDK\SDK_Export\hw\imgs\debug_module.jpg" SVGNAME="C:\SuperSystem\SDK\SDK_Export\hw\imgs\debug_module.svg" TMPSVGFN="C:\SuperSystem\__xps\.dswkshop\debug_module.svg"/>

  <RENDERIMG RASNAME="C:\SuperSystem\SDK\SDK_Export\hw\imgs\clock_generator_0.jpg" SVGNAME="C:\SuperSystem\SDK\SDK_Export\hw\imgs\clock_generator_0.svg" TMPSVGFN="C:\SuperSystem\__xps\.dswkshop\clock_generator_0.svg"/>

  <RENDERIMG RASNAME="C:\SuperSystem\SDK\SDK_Export\hw\imgs\axi4lite_0.jpg" SVGNAME="C:\SuperSystem\SDK\SDK_Export\hw\imgs\axi4lite_0.svg" TMPSVGFN="C:\SuperSystem\__xps\.dswkshop\axi4lite_0.svg"/>

  <RENDERIMG RASNAME="C:\SuperSystem\SDK\SDK_Export\hw\imgs\RS232.jpg" SVGNAME="C:\SuperSystem\SDK\SDK_Export\hw\imgs\RS232.svg" TMPSVGFN="C:\SuperSystem\__xps\.dswkshop\RS232.svg"/>

  <RENDERIMG RASNAME="C:\SuperSystem\SDK\SDK_Export\hw\imgs\Button.jpg" SVGNAME="C:\SuperSystem\SDK\SDK_Export\hw\imgs\Button.svg" TMPSVGFN="C:\SuperSystem\__xps\.dswkshop\Button.svg"/>

  <RENDERIMG RASNAME="C:\SuperSystem\SDK\SDK_Export\hw\imgs\Switch.jpg" SVGNAME="C:\SuperSystem\SDK\SDK_Export\hw\imgs\Switch.svg" TMPSVGFN="C:\SuperSystem\__xps\.dswkshop\Switch.svg"/>

  <RENDERIMG RASNAME="C:\SuperSystem\SDK\SDK_Export\hw\imgs\axi_intc_0.jpg" SVGNAME="C:\SuperSystem\SDK\SDK_Export\hw\imgs\axi_intc_0.svg" TMPSVGFN="C:\SuperSystem\__xps\.dswkshop\axi_intc_0.svg"/>

  <RENDERIMG RASNAME="C:\SuperSystem\SDK\SDK_Export\hw\imgs\Seg.jpg" SVGNAME="C:\SuperSystem\SDK\SDK_Export\hw\imgs\Seg.svg" TMPSVGFN="C:\SuperSystem\__xps\.dswkshop\Seg.svg"/>

  <RENDERIMG RASNAME="C:\SuperSystem\SDK\SDK_Export\hw\imgs\axi_timer_0.jpg" SVGNAME="C:\SuperSystem\SDK\SDK_Export\hw\imgs\axi_timer_0.svg" TMPSVGFN="C:\SuperSystem\__xps\.dswkshop\axi_timer_0.svg"/>

  <RENDERIMG RASNAME="C:\SuperSystem\SDK\SDK_Export\hw\imgs\LED.jpg" SVGNAME="C:\SuperSystem\SDK\SDK_Export\hw\imgs\LED.svg" TMPSVGFN="C:\SuperSystem\__xps\.dswkshop\LED.svg"/>

  <RENDERIMG RASNAME="C:\SuperSystem\SDK\SDK_Export\hw\imgs\system_blkd.jpg" SVGNAME="C:\SuperSystem\SDK\SDK_Export\hw\imgs\system_blkd.svg" TMPSVGFN="C:\SuperSystem\__xps\.dswkshop\system_blkd.svg"/>

</RENDERBATCH>